Loc,DateOfMonth,Weekday,Hour,NoOfBookings
1,1,1,0,0
1,1,1,1,9
1,1,1,2,13
1,1,1,3,17
1,1,1,4,21
1,1,1,5,30
1,1,1,6,54
1,1,1,7,99
1,1,1,8,162
1,1,1,9,212
1,1,1,10,247
1,1,1,11,289
1,1,1,12,344
1,1,1,13,393
1,1,1,14,446
1,1,1,15,497
1,1,1,16,558
1,1,1,17,634
1,1,1,18,717
1,1,1,19,784
1,1,1,20,856
1,1,1,21,906
1,1,1,22,962
1,1,1,23,996
1,2,2,0,1011
1,2,2,1,1020
1,2,2,2,1024
1,2,2,3,1027
1,2,2,4,1032
1,2,2,5,1042
1,2,2,6,1064
1,2,2,7,1129
1,2,2,8,1206
1,2,2,9,1276
1,2,2,10,1325
1,2,2,11,1384
1,2,2,12,1436
1,2,2,13,1484
1,2,2,14,1538
1,2,2,15,1624
1,2,2,16,1726
1,2,2,17,1836
1,2,2,18,1964
1,2,2,19,2061
1,2,2,20,2134
1,2,2,21,2212
1,2,2,22,2283
1,2,2,23,2327
1,3,3,0,2347
1,3,3,1,2364
1,3,3,2,2371
1,3,3,3,2375
1,3,3,4,2380
1,3,3,5,2387
1,3,3,6,2404
1,3,3,7,2462
1,3,3,8,2536
1,3,3,9,2595
1,3,3,10,2634
1,3,3,11,2678
1,3,3,12,2729
1,3,3,13,2784
1,3,3,14,2849
1,3,3,15,2909
1,3,3,16,3004
1,3,3,17,3119
1,3,3,18,3240
1,3,3,19,3347
1,3,3,20,3447
1,3,3,21,3567
1,3,3,22,3679
1,3,3,23,3787
1,4,4,0,3829
1,4,4,1,3843
1,4,4,2,3855
1,4,4,3,3858
1,4,4,4,3865
1,4,4,5,3879
1,4,4,6,3900
1,4,4,7,3967
1,4,4,8,4055
1,4,4,9,4123
1,4,4,10,4184
1,4,4,11,4245
1,4,4,12,4303
1,4,4,13,4361
1,4,4,14,4440
1,4,4,15,4534
1,4,4,16,4655
1,4,4,17,4779
1,4,4,18,4940
1,4,4,19,5112
1,4,4,20,5251
1,4,4,21,5343
1,4,4,22,5455
1,4,4,23,5565
1,5,5,0,5656
1,5,5,1,5701
1,5,5,2,5732
1,5,5,3,5749
1,5,5,4,5759
1,5,5,5,5766
1,5,5,6,5778
1,5,5,7,5790
1,5,5,8,5803
1,5,5,9,5824
1,5,5,10,5862
1,5,5,11,5907
1,5,5,12,5959
1,5,5,13,6005
1,5,5,14,6060
1,5,5,15,6110
1,5,5,16,6191
1,5,5,17,6293
1,5,5,18,6397
1,5,5,19,6493
1,5,5,20,6592
1,5,5,21,6667
1,5,5,22,6759
1,5,5,23,6880
1,6,6,0,6965
1,6,6,1,7029
1,6,6,2,7076
1,6,6,3,7100
1,6,6,4,7111
1,6,6,5,7121
1,6,6,6,7130
1,6,6,7,7141
1,6,6,8,7158
1,6,6,9,7183
1,6,6,10,7204
1,6,6,11,7235
1,6,6,12,7281
1,6,6,13,7334
1,6,6,14,7389
1,6,6,15,7445
1,6,6,16,7517
1,6,6,17,7563
1,6,6,18,7612
1,6,6,19,7655
1,6,6,20,7702
1,6,6,21,7730
1,6,6,22,7755
1,6,6,23,7774
1,7,0,0,7785
1,7,0,1,7789
1,7,0,2,7790
1,7,0,3,7793
1,7,0,4,7800
1,7,0,5,7815
1,7,0,6,7838
1,7,0,7,7885
1,7,0,8,7947
1,7,0,9,7989
1,7,0,10,8026
1,7,0,11,8073
1,7,0,12,8126
1,7,0,13,8159
1,7,0,14,8204
1,7,0,15,8257
1,7,0,16,8336
1,7,0,17,8472
1,7,0,18,8638
2,7,0,19,8798
2,7,0,20,8945
2,7,0,21,9026
2,7,0,22,9107
2,7,0,23,9146
2,8,1,0,9161
2,8,1,1,9172
2,8,1,2,9173
2,8,1,3,9179
2,8,1,4,9185
2,8,1,5,9195
2,8,1,6,9218
2,8,1,7,9271
2,8,1,8,9344
2,8,1,9,9399
2,8,1,10,9425
2,8,1,11,9464
2,8,1,12,9502
2,8,1,13,9542
2,8,1,14,9585
2,8,1,15,9636
2,8,1,16,9706
2,8,1,17,9796
2,8,1,18,9897
2,8,1,19,9957
2,8,1,20,10014
2,8,1,21,10087
2,8,1,22,10143
2,8,1,23,10172
2,9,2,0,10184
2,9,2,1,10193
2,9,2,2,10201
2,9,2,3,10207
2,9,2,4,10213
2,9,2,5,10225
2,9,2,6,10246
2,9,2,7,10298
2,9,2,8,10365
2,9,2,9,10414
2,9,2,10,10459
2,9,2,11,10498
2,9,2,12,10544
2,9,2,13,10610
2,9,2,14,10666
2,9,2,15,10718
2,9,2,16,10798
2,9,2,17,10895
2,9,2,18,11011
2,9,2,19,11093
2,9,2,20,11165
2,9,2,21,11232
2,9,2,22,11293
2,9,2,23,11338
2,10,3,0,11351
2,10,3,1,11361
2,10,3,2,11363
2,10,3,3,11368
2,10,3,4,11376
2,10,3,5,11388
2,10,3,6,11411
2,10,3,7,11469
2,10,3,8,11517
2,10,3,9,11565
2,10,3,10,11609
2,10,3,11,11654
2,10,3,12,11715
2,10,3,13,11759
2,10,3,14,11825
2,10,3,15,11892
2,10,3,16,11991
2,10,3,17,12104
2,10,3,18,12218
2,10,3,19,12301
2,10,3,20,12387
2,10,3,21,12481
2,10,3,22,12548
2,10,3,23,12593
2,11,4,0,12625
2,11,4,1,12637
2,11,4,2,12645
2,11,4,3,12657
2,11,4,4,12673
2,11,4,5,12693
2,11,4,6,12718
2,11,4,7,12770
2,11,4,8,12837
2,11,4,9,12894
2,11,4,10,12929
2,11,4,11,12978
2,11,4,12,13026
2,11,4,13,13074
2,11,4,14,13137
2,11,4,15,13199
2,11,4,16,13288
2,11,4,17,13381
2,11,4,18,13480
2,11,4,19,13579
2,11,4,20,13664
2,11,4,21,13739
2,11,4,22,13818
2,11,4,23,13905
2,12,5,0,13987
2,12,5,1,14029
2,12,5,2,14057
2,12,5,3,14072
2,12,5,4,14085
2,12,5,5,14093
2,12,5,6,14101
2,12,5,7,14109
2,12,5,8,14122
2,12,5,9,14135
2,12,5,10,14157
2,12,5,11,14189
2,12,5,12,14221
2,12,5,13,14261
2,12,5,14,14294
2,12,5,15,14346
2,12,5,16,14407
2,12,5,17,14482
2,12,5,18,14553
2,12,5,19,14641
2,12,5,20,14708
2,12,5,21,14788
2,12,5,22,14885
2,12,5,23,14976
2,13,6,0,15074
2,13,6,1,15137
2,13,6,2,15169
2,13,6,3,15186
2,13,6,4,15203
2,13,6,5,15214
2,13,6,6,15219
2,13,6,7,15228
2,13,6,8,15235
2,13,6,9,15255
2,13,6,10,15288
2,13,6,11,15320
2,13,6,12,15371
2,13,6,13,15408
2,13,6,14,15446
2,13,6,15,15494
2,13,6,16,15560
2,13,6,17,15625
2,13,6,18,15677
2,13,6,19,15720
22,13,6,20,15758
2,13,6,21,15787
2,13,6,22,15816
2,13,6,23,15840
2,14,0,0,15857
2,14,0,1,15863
2,14,0,2,15866
2,14,0,3,15868
2,14,0,4,15873
2,14,0,5,15882
2,14,0,6,15904
2,14,0,7,15955
2,14,0,8,16015
2,14,0,9,16063
2,14,0,10,16107
2,14,0,11,16140
2,14,0,12,16166
2,14,0,13,16212
3,14,0,14,16246
3,14,0,15,16299
3,14,0,16,16352
3,14,0,17,16404
3,14,0,18,16476
3,14,0,19,16527
3,14,0,20,16574
3,14,0,21,16621
3,14,0,22,16666
3,14,0,23,16697
3,15,1,0,16711
3,15,1,1,16720
3,15,1,2,16721
3,15,1,3,16722
3,15,1,4,16728
3,15,1,5,16736
3,15,1,6,16752
3,15,1,7,16786
3,15,1,8,16835
3,15,1,9,16884
3,15,1,10,16932
3,15,1,11,16992
3,15,1,12,17046
3,15,1,13,17094
3,15,1,14,17152
3,15,1,15,17208
3,15,1,16,17287
3,15,1,17,17403
3,15,1,18,17517
3,15,1,19,17627
3,15,1,20,17752
3,15,1,21,17890
3,15,1,22,18004
3,15,1,23,18073
3,16,2,0,18102
3,16,2,1,18110
3,16,2,2,18112
3,16,2,3,18113
3,16,2,4,18122
3,16,2,5,18133
3,16,2,6,18145
3,16,2,7,18186
3,16,2,8,18235
3,16,2,9,18274
3,16,2,10,18313
3,16,2,11,18354
3,16,2,12,18400
3,16,2,13,18440
3,16,2,14,18491
3,16,2,15,18539
3,16,2,16,18602
3,16,2,17,18707
3,16,2,18,18808
3,16,2,19,18875
3,16,2,20,18948
3,16,2,21,19008
3,16,2,22,19080
3,16,2,23,19129
3,17,3,0,19161
3,17,3,1,19169
3,17,3,2,19173
3,17,3,3,19180
3,17,3,4,19186
3,17,3,5,19193
3,17,3,6,19207
3,17,3,7,19245
3,17,3,8,19303
3,17,3,9,19353
3,17,3,10,19399
3,17,3,11,19437
3,17,3,12,19480
3,17,3,13,19538
3,17,3,14,19603
3,17,3,15,19662
3,17,3,16,19743
3,17,3,17,19851
3,17,3,18,19967
3,17,3,19,20084
3,17,3,20,20171
3,17,3,21,20276
3,17,3,22,20376
3,17,3,23,20457
3,18,4,0,20504
3,18,4,1,20535
3,18,4,2,20549
3,18,4,3,20555
3,18,4,4,20561
3,18,4,5,20571
3,18,4,6,20583
3,18,4,7,20606
3,18,4,8,20636
3,18,4,9,20669
3,18,4,10,20706
3,18,4,11,20739
3,18,4,12,20777
3,18,4,13,20822
3,18,4,14,20872
3,18,4,15,20919
3,18,4,16,20977
3,18,4,17,21040
3,18,4,18,21097
3,18,4,19,21162
3,18,4,20,21231
3,18,4,21,21298
3,18,4,22,21357
3,18,4,23,21418
3,19,5,0,21457
3,19,5,1,21483
3,19,5,2,21502
3,19,5,3,21509
3,19,5,4,21517
3,19,5,5,21522
3,19,5,6,21531
3,19,5,7,21537
3,19,5,8,21552
3,19,5,9,21562
3,19,5,10,21584
3,19,5,11,21616
3,19,5,12,21651
3,19,5,13,21686
3,19,5,14,21734
3,19,5,15,21776
3,19,5,16,21831
3,19,5,17,21898
3,19,5,18,21950
3,19,5,19,22023
3,19,5,20,22087
3,19,5,21,22135
3,19,5,22,22195
3,19,5,23,22263
3,20,6,0,22308
3,20,6,1,22338
3,20,6,2,22359
3,20,6,3,22363
3,20,6,4,22367
3,20,6,5,22374
3,20,6,6,22378
3,20,6,7,22383
3,20,6,8,22393
3,20,6,9,22413
3,20,6,10,22444
3,20,6,11,22483
3,20,6,12,22524
3,20,6,13,22566
3,20,6,14,22609
3,20,6,15,22652
3,20,6,16,22698
3,20,6,17,22736
3,20,6,18,22771
3,20,6,19,22802
3,20,6,20,22833
3,20,6,21,22868
3,20,6,22,22893
3,20,6,23,22909
3,21,0,0,22923
3,21,0,1,22927
3,21,0,2,22929
3,21,0,3,22933
3,21,0,4,22938
3,21,0,5,22951
3,21,0,6,22967
3,21,0,7,22997
3,21,0,8,23044
4,21,0,9,23071
4,21,0,10,23108
4,21,0,11,23150
4,21,0,12,23181
4,21,0,13,23208
4,21,0,14,23246
4,21,0,15,23279
4,21,0,16,23325
4,21,0,17,23378
4,21,0,18,23443
4,21,0,19,23501
4,21,0,20,23559
4,21,0,21,23601
4,21,0,22,23629
4,21,0,23,23652
4,22,1,0,23667
4,22,1,3,23670
4,22,1,4,23676
4,22,1,5,23684
4,22,1,6,23701
4,22,1,7,23734
4,22,1,8,23781
4,22,1,9,23825
4,22,1,10,23859
4,22,1,11,23893
4,22,1,12,23935
4,22,1,13,23966
4,22,1,14,24009
4,22,1,15,24066
4,22,1,16,24157
4,22,1,17,24266
4,22,1,18,24357
4,22,1,19,24429
4,22,1,20,24469
4,22,1,21,24527
4,22,1,22,24581
4,22,1,23,24611
4,23,2,0,24626
4,23,2,1,24636
4,23,2,2,24638
4,23,2,3,24640
4,23,2,4,24642
4,23,2,5,24650
4,23,2,6,24668
4,23,2,7,24716
4,23,2,8,24783
4,23,2,9,24825
4,23,2,10,24855
4,23,2,11,24892
4,23,2,12,24938
4,23,2,13,24983
4,23,2,14,25030
4,23,2,15,25083
4,23,2,16,25171
4,23,2,17,25281
4,23,2,18,25387
4,23,2,19,25474
4,23,2,20,25577
4,23,2,21,25678
4,23,2,22,25750
4,23,2,23,25801
4,24,3,0,25822
4,24,3,1,25827
4,24,3,2,25833
4,24,3,3,25836
4,24,3,4,25840
4,24,3,5,25851
4,24,3,6,25863
4,24,3,7,25903
4,24,3,8,25972
4,24,3,9,26032
4,24,3,10,26080
4,24,3,11,26118
4,24,3,12,26162
4,24,3,13,26209
4,24,3,14,26255
4,24,3,15,26329
4,24,3,16,26435
4,24,3,17,26543
4,24,3,18,26658
4,24,3,19,26754
4,24,3,20,26850
4,24,3,21,26949
4,24,3,22,27080
4,24,3,23,27178
4,25,4,0,27216
4,25,4,1,27235
4,25,4,2,27246
4,25,4,3,27253
4,25,4,4,27261
4,25,4,5,27271
4,25,4,6,27287
4,25,4,7,27330
4,25,4,8,27397
4,25,4,9,27438
4,25,4,10,27482
4,25,4,11,27520
4,25,4,12,27567
4,25,4,13,27622
4,25,4,14,27691
4,25,4,15,27777
4,25,4,16,27878
4,25,4,17,27988
4,25,4,18,28075
4,25,4,19,28184
4,25,4,20,28265
4,25,4,21,28346
4,25,4,22,28449
4,25,4,23,28550
4,26,5,0,28626
4,26,5,1,28658
4,26,5,2,28698
4,26,5,3,28730
4,26,5,4,28747
4,26,5,5,28757
4,26,5,6,28762
4,26,5,7,28777
4,26,5,8,28794
4,26,5,9,28814
4,26,5,10,28841
4,26,5,11,28883
4,26,5,12,28928
4,26,5,13,28973
4,26,5,14,29025
4,26,5,15,29090
4,26,5,16,29187
4,26,5,17,29283
4,26,5,18,29400
4,26,5,19,29520
4,26,5,20,29623
4,26,5,21,29727
4,26,5,22,29839
4,26,5,23,29947
4,27,6,0,30044
4,27,6,1,30110
4,27,6,2,30138
4,27,6,3,30158
4,27,6,4,30167
4,27,6,5,30172
4,27,6,6,30178
4,27,6,7,30190
4,27,6,8,30214
4,27,6,9,30238
4,27,6,10,30279
4,27,6,11,30326
4,27,6,12,30373
4,27,6,13,30420
4,27,6,14,30463
4,27,6,15,30521
4,27,6,16,30585
4,27,6,17,30652
4,27,6,18,30707
4,27,6,19,30750
4,27,6,20,30794
4,27,6,21,30821
4,27,6,22,30859
4,27,6,23,30876
4,28,0,0,30892
4,28,0,1,30903
4,28,0,2,30904
4,28,0,3,30908
4,28,0,4,30913
4,28,0,5,30927
5,28,0,6,30955
5,28,0,7,31013
5,28,0,8,31080
5,28,0,9,31130
5,28,0,10,31166
5,28,0,11,31199
5,28,0,12,31235
5,28,0,13,31271
5,28,0,14,31318
5,28,0,15,31375
5,28,0,16,31433
5,28,0,17,31508
5,28,0,18,31592
5,28,0,19,31662
5,28,0,20,31721
5,28,0,21,31789
5,28,0,22,31829
5,28,0,23,31848
5,29,1,0,31863
5,29,1,1,31869
5,29,1,2,31874
5,29,1,3,31877
5,29,1,4,31884
5,29,1,5,31893
5,29,1,6,31911
5,29,1,7,31965
5,29,1,8,32038
5,29,1,9,32104
5,29,1,10,32145
5,29,1,11,32192
5,29,1,12,32234
5,29,1,13,32276
5,29,1,14,32350
5,29,1,15,32444
5,29,1,16,32551
5,29,1,17,32678
5,29,1,18,32837
5,29,1,19,32961
5,29,1,20,33058
5,29,1,21,33172
5,29,1,22,33267
5,29,1,23,33317
5,30,2,0,33350
5,30,2,1,33362
5,30,2,2,33367
5,30,2,3,33371
5,30,2,4,33380
5,30,2,5,33386
5,30,2,6,33413
5,30,2,7,33493
5,30,2,8,33586
5,30,2,9,33681
5,30,2,10,33762
5,30,2,11,33858
5,30,2,12,33933
5,30,2,13,34037
5,30,2,14,34148
5,30,2,15,34277
5,30,2,16,34430
5,30,2,17,34594
5,30,2,18,34769
5,30,2,19,34967
5,30,2,20,35127
5,30,2,21,35279
5,30,2,22,35414
5,30,2,23,35501
5,1,1,0,35536
5,1,1,1,35571
5,1,1,2,35589
5,1,1,3,35604
5,1,1,4,35628
5,1,1,5,35673
5,1,1,6,35760
5,1,1,7,35934
5,1,1,8,36165
5,1,1,9,36339
5,1,1,10,36472
5,1,1,11,36592
5,1,1,12,36747
5,1,1,13,36869
5,1,1,14,37021
5,1,1,15,37213
5,1,1,16,37451
5,1,1,17,37747
5,1,1,18,38083
5,1,1,19,38397
5,1,1,20,38667
5,1,1,21,38835
5,1,1,22,39061
5,1,1,23,39203
5,2,2,0,39274
5,2,2,1,39309
5,2,2,2,39334
5,2,2,3,39350
5,2,2,4,39367
5,2,2,5,39431
5,2,2,6,39521
5,2,2,7,39724
5,2,2,8,40006
5,2,2,9,40246
5,2,2,10,40431
5,2,2,11,40594
5,2,2,12,40771
5,2,2,13,40941
5,2,2,14,41115
5,2,2,15,41331
5,2,2,16,41609
5,2,2,17,41934
5,2,2,18,42362
5,2,2,19,42686
5,2,2,20,42986
5,2,2,21,43272
5,2,2,22,43548
5,2,2,23,43703
5,3,3,0,43800
5,3,3,1,43849
5,3,3,2,43879
5,3,3,3,43890
5,3,3,4,43927
5,3,3,5,43976
5,3,3,6,44080
5,3,3,7,44267
5,3,3,8,44546
5,3,3,9,44780
5,3,3,10,44940
5,3,3,11,45074
5,3,3,12,45211
5,3,3,13,45378
5,3,3,14,45585
5,3,3,15,45823
5,3,3,16,46128
5,3,3,17,46519
5,3,3,18,46956
5,3,3,19,47406
5,3,3,20,47763
5,3,3,21,48182
5,3,3,22,48632
5,3,3,23,49068
5,4,4,0,49299
5,4,4,1,49384
5,4,4,2,49436
5,4,4,3,49472
5,4,4,4,49513
5,4,4,5,49576
5,4,4,6,49666
5,4,4,7,49884
5,4,4,8,50178
5,4,4,9,50432
5,4,4,10,50609
5,4,4,11,50802
5,4,4,12,51038
5,4,4,13,51267
5,4,4,14,51564
5,4,4,15,51884
5,4,4,16,52273
5,4,4,17,52764
5,4,4,18,53388
5,4,4,19,54038
5,4,4,20,54637
5,4,4,21,55038
5,4,4,22,55581
5,4,4,23,56087
5,5,5,0,56450
6,5,5,1,56655
6,5,5,2,56760
6,5,5,3,56819
6,5,5,4,56868
6,5,5,5,56912
6,5,5,6,56969
6,5,5,7,57030
6,5,5,8,57111
6,5,5,9,57204
6,5,5,10,57318
6,5,5,11,57448
6,5,5,12,57588
6,5,5,13,57773
6,5,5,14,57956
6,5,5,15,58152
6,5,5,16,58461
6,5,5,17,58822
6,5,5,18,59231
6,5,5,19,59689
6,5,5,20,60103
6,5,5,21,60508
6,5,5,22,60948
6,5,5,23,61470
6,6,6,0,61958
6,6,6,1,62404
6,6,6,2,62683
6,6,6,3,62821
6,6,6,4,62917
6,6,6,5,62984
6,6,6,6,63035
6,6,6,7,63088
6,6,6,8,63148
6,6,6,9,63239
6,6,6,10,63363
6,6,6,11,63506
6,6,6,12,63644
6,6,6,13,63804
6,6,6,14,63980
6,6,6,15,64170
6,6,6,16,64395
6,6,6,17,64633
6,6,6,18,64870
6,6,6,19,65086
6,6,6,20,65277
6,6,6,21,65437
6,6,6,22,65613
6,6,6,23,65717
6,7,0,0,65786
6,7,0,1,65813
6,7,0,2,65832
6,7,0,3,65849
6,7,0,4,65893
6,7,0,5,65959
6,7,0,6,66077
6,7,0,7,66315
6,7,0,8,66618
6,7,0,9,66859
6,7,0,10,67016
6,7,0,11,67151
6,7,0,12,67273
6,7,0,13,67395
6,7,0,14,67553
6,7,0,15,67808
6,7,0,16,68100
6,7,0,17,68562
6,7,0,18,69121
6,7,0,19,69700
6,7,0,20,70268
6,7,0,21,70596
6,7,0,22,70881
6,7,0,23,71061
6,8,1,0,71122
6,8,1,1,71165
6,8,1,2,71182
6,8,1,3,71198
6,8,1,4,71228
6,8,1,5,71271
6,8,1,6,71387
6,8,1,7,71626
6,8,1,8,71956
6,8,1,9,72283
6,8,1,10,72454
6,8,1,11,72596
6,8,1,12,72749
6,8,1,13,72894
6,8,1,14,73067
6,8,1,15,73276
6,8,1,16,73582
6,8,1,17,73946
6,8,1,18,74372
6,8,1,19,74701
6,8,1,20,74998
6,8,1,21,75349
6,8,1,22,75644
6,8,1,23,75816
6,9,2,0,75903
6,9,2,1,75947
6,9,2,2,75972
6,9,2,3,75996
6,9,2,4,76033
6,9,2,5,76088
6,9,2,6,76188
6,9,2,7,76419
6,9,2,8,76726
6,9,2,9,76986
6,9,2,10,77145
6,9,2,11,77287
6,9,2,12,77426
6,9,2,13,77597
6,9,2,14,77779
6,9,2,15,78024
6,9,2,16,78363
6,9,2,17,78740
6,9,2,18,79174
6,9,2,19,79534
6,9,2,20,79853
6,9,2,21,80132
6,9,2,22,80405
6,9,2,23,80611
6,10,3,0,80715
6,10,3,1,80770
6,10,3,2,80798
6,10,3,3,80822
6,10,3,4,80871
6,10,3,5,80937
6,10,3,6,81052
6,10,3,7,81305
6,10,3,8,81592
6,10,3,9,81857
6,10,3,10,82055
6,10,3,11,82229
6,10,3,12,82397
6,10,3,13,82590
6,10,3,14,82823
6,10,3,15,83162
6,10,3,16,83566
6,10,3,17,84047
6,10,3,18,84577
6,10,3,19,85061
6,10,3,20,85463
6,10,3,21,85898
6,10,3,22,86348
6,10,3,23,86614
6,11,4,0,86776
6,11,4,1,86835
6,11,4,2,86883
6,11,4,3,86909
6,11,4,4,86973
6,11,4,5,87033
6,11,4,6,87113
6,11,4,7,87361
6,11,4,8,87648
6,11,4,9,87910
6,11,4,10,88086
6,11,4,11,88247
6,11,4,12,88430
6,11,4,13,88635
6,11,4,14,88897
6,11,4,15,89201
6,11,4,16,89561
6,11,4,17,89997
6,11,4,18,90486
6,11,4,19,90968
7,11,4,20,91384
7,11,4,21,91759
7,11,4,22,92137
7,11,4,23,92609
7,12,5,0,92989
7,12,5,1,93203
7,12,5,2,93355
7,12,5,3,93450
7,12,5,4,93511
7,12,5,5,93567
7,12,5,6,93615
7,12,5,7,93690
7,12,5,8,93766
7,12,5,9,93866
7,12,5,10,93992
7,12,5,11,94140
7,12,5,12,94291
7,12,5,13,94484
7,12,5,14,94692
7,12,5,15,94928
7,12,5,16,95280
7,12,5,17,95725
7,12,5,18,96116
7,12,5,19,96635
7,12,5,20,97047
7,12,5,21,97393
7,12,5,22,97840
7,12,5,23,98399
7,13,6,0,98897
7,13,6,1,99298
7,13,6,2,99530
7,13,6,3,99638
7,13,6,4,99708
7,13,6,5,99760
7,13,6,6,99805
7,13,6,7,99858
7,13,6,8,99917
7,13,6,9,100000
7,13,6,10,100140
7,13,6,11,100302
7,13,6,12,100490
7,13,6,13,100664
7,13,6,14,100848
7,13,6,15,101096
7,13,6,16,101338
7,13,6,17,101599
7,13,6,18,101839
7,13,6,19,102022
7,13,6,20,102198
7,13,6,21,102350
7,13,6,22,102505
7,13,6,23,102630
7,14,0,0,102700
7,14,0,1,102740
7,14,0,2,102753
7,14,0,3,102769
7,14,0,4,102808
7,14,0,5,102869
7,14,0,6,102986
7,14,0,7,103185
7,14,0,8,103462
7,14,0,9,103681
7,14,0,10,103821
7,14,0,11,103957
7,14,0,12,104092
7,14,0,13,104224
7,14,0,14,104390
7,14,0,15,104615
7,14,0,16,104928
7,14,0,17,105256
7,14,0,18,105554
7,14,0,19,105790
7,14,0,20,105992
7,14,0,21,106203
7,14,0,22,106391
7,14,0,23,106504
7,15,1,0,106589
7,15,1,1,106625
7,15,1,2,106645
7,15,1,3,106663
7,15,1,4,106695
7,15,1,5,106737
7,15,1,6,106821
7,15,1,7,106978
7,15,1,8,107264
7,15,1,9,107563
7,15,1,10,107755
7,15,1,11,107966
7,15,1,12,108182
7,15,1,13,108394
7,15,1,14,108637
7,15,1,15,108937
7,15,1,16,109249
7,15,1,17,109752
7,15,1,18,110320
7,15,1,19,110824
7,15,1,20,111362
7,15,1,21,111930
7,15,1,22,112433
7,15,1,23,112765
7,16,2,0,112916
7,16,2,1,112992
7,16,2,2,113025
7,16,2,3,113050
7,16,2,4,113089
7,16,2,5,113135
7,16,2,6,113244
7,16,2,7,113445
7,16,2,8,113737
7,16,2,9,114008
7,16,2,10,114201
7,16,2,11,114370
7,16,2,12,114554
7,16,2,13,114740
7,16,2,14,114967
7,16,2,15,115259
7,16,2,16,115617
7,16,2,17,116074
7,16,2,18,116541
7,16,2,19,116984
7,16,2,20,117377
7,16,2,21,117803
7,16,2,22,118241
7,16,2,23,118492
7,17,3,0,118643
7,17,3,1,118712
7,17,3,2,118745
7,17,3,3,118772
7,17,3,4,118819
7,17,3,5,118888
7,17,3,6,118990
7,17,3,7,119225
7,17,3,8,119565
7,17,3,9,119853
7,17,3,10,120072
7,17,3,11,120258
7,17,3,12,120470
7,17,3,13,120682
7,17,3,14,120946
7,17,3,15,121290
7,17,3,16,121674
7,17,3,17,122139
7,17,3,18,122700
7,17,3,19,123295
7,17,3,20,123827
7,17,3,21,124365
7,17,3,22,124884
7,17,3,23,125337
7,18,4,0,125591
7,18,4,1,125738
7,18,4,2,125815
7,18,4,3,125880
7,18,4,4,125955
7,18,4,5,126026
7,18,4,6,126116
7,18,4,7,126244
7,18,4,8,126458
7,18,4,9,126704
7,18,4,10,126909
7,18,4,11,127082
7,18,4,12,127285
7,18,4,13,127501
7,18,4,14,127757
8,18,4,15,128054
8,18,4,16,128436
8,18,4,17,128870
8,18,4,18,129263
8,18,4,19,129745
8,18,4,20,130164
8,18,4,21,130507
8,18,4,22,130914
8,18,4,23,131389
8,19,5,0,131745
8,19,5,1,131953
8,19,5,2,132105
8,19,5,3,132205
8,19,5,4,132281
8,19,5,5,132344
8,19,5,6,132401
8,19,5,7,132467
8,19,5,8,132538
8,19,5,9,132643
8,19,5,10,132772
8,19,5,11,132921
8,19,5,12,133101
8,19,5,13,133294
8,19,5,14,133509
8,19,5,15,133739
8,19,5,16,134069
8,19,5,17,134436
8,19,5,18,134763
8,19,5,19,135136
8,19,5,20,135481
8,19,5,21,135772
8,19,5,22,136135
8,19,5,23,136524
8,20,6,0,136827
8,20,6,1,137021
8,20,6,2,137145
8,20,6,3,137241
8,20,6,4,137323
8,20,6,5,137381
8,20,6,6,137418
8,20,6,7,137464
8,20,6,8,137524
8,20,6,9,137626
8,20,6,10,137760
8,20,6,11,137928
8,20,6,12,138132
8,20,6,13,138328
8,20,6,14,138549
8,20,6,15,138735
8,20,6,16,138964
8,20,6,17,139218
8,20,6,18,139419
8,20,6,19,139655
8,20,6,20,139889
8,20,6,21,140102
8,20,6,22,140290
8,20,6,23,140429
8,21,0,0,140501
8,21,0,1,140531
8,21,0,2,140548
8,21,0,3,140567
8,21,0,4,140608
8,21,0,5,140698
8,21,0,6,140828
8,21,0,7,141040
8,21,0,8,141347
8,21,0,9,141585
8,21,0,10,141749
8,21,0,11,141891
8,21,0,12,142053
8,21,0,13,142195
8,21,0,14,142382
8,21,0,15,142636
8,21,0,16,142928
8,21,0,17,143304
8,21,0,18,143688
8,21,0,19,144022
8,21,0,20,144328
8,21,0,21,144599
8,21,0,22,144825
8,21,0,23,145001
8,22,1,0,145093
8,22,1,1,145139
8,22,1,2,145160
8,22,1,3,145185
8,22,1,4,145205
8,22,1,5,145279
8,22,1,6,145394
8,22,1,7,145658
8,22,1,8,145972
8,22,1,9,146249
8,22,1,10,146425
8,22,1,11,146614
8,22,1,12,146793
8,22,1,13,146984
8,22,1,14,147201
8,22,1,15,147506
8,22,1,16,148000
8,22,1,17,148574
8,22,1,18,149169
8,22,1,19,149654
8,22,1,20,150044
8,22,1,21,150440
8,22,1,22,150774
8,22,1,23,151004
8,23,2,0,151108
8,23,2,1,151148
8,23,2,2,151184
8,23,2,3,151213
8,23,2,4,151249
8,23,2,5,151319
8,23,2,6,151457
8,23,2,7,151719
8,23,2,8,152098
8,23,2,9,152443
8,23,2,10,152658
8,23,2,11,152889
8,23,2,12,153113
8,23,2,13,153353
8,23,2,14,153632
8,23,2,15,154028
8,23,2,16,154500
8,23,2,17,155063
8,23,2,18,155647
8,23,2,19,156196
8,23,2,20,156754
8,23,2,21,157374
8,23,2,22,157890
8,23,2,23,158223
8,24,3,0,158396
8,24,3,1,158478
8,24,3,2,158528
8,24,3,3,158561
8,24,3,4,158616
8,24,3,5,158701
8,24,3,6,158830
8,24,3,7,159110
8,24,3,8,159465
8,24,3,9,159797
8,24,3,10,160044
8,24,3,11,160266
8,24,3,12,160494
8,24,3,13,160732
8,24,3,14,161016
8,24,3,15,161411
8,24,3,16,161909
8,24,3,17,162497
8,24,3,18,163170
8,24,3,19,163830
8,24,3,20,164474
8,24,3,21,165128
8,24,3,22,165807
8,24,3,23,166328
8,25,4,0,166628
8,25,4,1,166771
8,25,4,2,166850
8,25,4,3,166912
8,25,4,4,166984
8,25,4,5,167070
8,25,4,6,167198
8,25,4,7,167465
8,25,4,8,167839
8,25,4,9,168160
9,25,4,10,168389
9,25,4,11,168609
9,25,4,12,168858
9,25,4,13,169128
9,25,4,14,169455
9,25,4,15,169875
9,25,4,16,170425
9,25,4,17,171070
9,25,4,18,171729
9,25,4,19,172453
9,25,4,20,173061
9,25,4,21,173590
9,25,4,22,174397
9,25,4,23,175246
9,26,5,0,175984
9,26,5,1,176411
9,26,5,2,176866
9,26,5,3,177185
9,26,5,4,177345
9,26,5,5,177440
9,26,5,6,177519
9,26,5,7,177612
9,26,5,8,177745
9,26,5,9,177871
9,26,5,10,178050
9,26,5,11,178242
9,26,5,12,178468
9,26,5,13,178725
9,26,5,14,179037
9,26,5,15,179367
9,26,5,16,179865
9,26,5,17,180537
9,26,5,18,181267
9,26,5,19,182000
9,26,5,20,182687
9,26,5,21,183302
9,26,5,22,184045
9,26,5,23,184795
9,27,6,0,185452
9,27,6,1,186023
9,27,6,2,186401
9,27,6,3,186582
9,27,6,4,186698
9,27,6,5,186775
9,27,6,6,186843
9,27,6,7,186913
9,27,6,8,187001
9,27,6,9,187104
9,27,6,10,187255
9,27,6,11,187445
9,27,6,12,187682
9,27,6,13,187940
9,27,6,14,188243
9,27,6,15,188567
9,27,6,16,188965
9,27,6,17,189370
9,27,6,18,189757
9,27,6,19,190027
9,27,6,20,190285
9,27,6,21,190536
9,27,6,22,190768
9,27,6,23,190935
9,28,0,0,191047
9,28,0,1,191110
9,28,0,2,191143
9,28,0,3,191176
9,28,0,4,191224
9,28,0,5,191323
9,28,0,6,191466
9,28,0,7,191737
9,28,0,8,192063
9,28,0,9,192374
9,28,0,10,192583
9,28,0,11,192798
9,28,0,12,193007
9,28,0,13,193202
9,28,0,14,193448
9,28,0,15,193795
9,28,0,16,194162
9,28,0,17,194611
9,28,0,18,195139
9,28,0,19,195531
9,28,0,20,195868
9,28,0,21,196223
9,28,0,22,196504
9,28,0,23,196683
9,29,1,0,196800
9,29,1,1,196859
9,29,1,2,196893
9,29,1,3,196916
9,29,1,4,196964
9,29,1,5,197033
9,29,1,6,197167
9,29,1,7,197485
9,29,1,8,197911
9,29,1,9,198270
9,29,1,10,198514
9,29,1,11,198740
9,29,1,12,198977
9,29,1,13,199217
9,29,1,14,199587
9,29,1,15,200109
9,29,1,16,200749
9,29,1,17,201475
9,29,1,18,202297
9,29,1,19,203036
9,29,1,20,203682
9,29,1,21,204297
9,29,1,22,204854
9,29,1,23,205145
9,30,2,0,205315
9,30,2,1,205404
9,30,2,2,205455
9,30,2,3,205496
9,30,2,4,205559
9,30,2,5,205651
9,30,2,6,205862
9,30,2,7,206285
9,30,2,8,206814
9,30,2,9,207394
9,30,2,10,207898
9,30,2,11,208419
9,30,2,12,208934
9,30,2,13,209462
9,30,2,14,210098
9,30,2,15,210804
9,30,2,16,211717
9,30,2,17,212700
9,30,2,18,213734
9,30,2,19,214873
9,30,2,20,215916
9,30,2,21,216943
9,30,2,22,217785
9,30,2,23,218470
9,1,1,0,218799
9,1,1,1,218828
9,1,1,2,218846
9,1,1,3,218855
9,1,1,4,218873
9,1,1,5,218906
9,1,1,6,218973
9,1,1,7,219156
9,1,1,8,219397
9,1,1,9,219599
9,1,1,10,219713
9,1,1,11,219817
9,1,1,12,219932
9,1,1,13,220027
9,1,1,14,220145
9,1,1,15,220319
9,1,1,16,220539
9,1,1,17,220777
9,1,1,18,221074
9,1,1,19,221312
9,1,1,20,221514
9,1,1,21,221637
9,1,1,22,221830
9,1,1,23,221945
9,2,2,0,222018
9,2,2,1,222052
9,2,2,2,222071
9,2,2,3,222085
9,2,2,4,222108
10,2,2,5,222146
10,2,2,6,222216
10,2,2,7,222389
10,2,2,8,222640
10,2,2,9,222840
10,2,2,10,222981
10,2,2,11,223126
10,2,2,12,223271
10,2,2,13,223399
10,2,2,14,223555
10,2,2,15,223739
10,2,2,16,223973
10,2,2,17,224262
10,2,2,18,224612
10,2,2,19,224869
10,2,2,20,225102
10,2,2,21,225345
10,2,2,22,225555
10,2,2,23,225708
10,3,3,0,225770
10,3,3,1,225807
10,3,3,2,225830
10,3,3,3,225841
10,3,3,4,225860
10,3,3,5,225896
10,3,3,6,225954
10,3,3,7,226124
10,3,3,8,226334
10,3,3,9,226519
10,3,3,10,226640
10,3,3,11,226760
10,3,3,12,226874
10,3,3,13,226995
10,3,3,14,227148
10,3,3,15,227342
10,3,3,16,227614
10,3,3,17,227878
10,3,3,18,228212
10,3,3,19,228523
10,3,3,20,228808
10,3,3,21,229155
10,3,3,22,229513
10,3,3,23,229873
10,4,4,0,230024
10,4,4,1,230084
10,4,4,2,230114
10,4,4,3,230129
10,4,4,4,230163
10,4,4,5,230206
10,4,4,6,230278
10,4,4,7,230447
10,4,4,8,230685
10,4,4,9,230902
10,4,4,10,231070
10,4,4,11,231231
10,4,4,12,231374
10,4,4,13,231560
10,4,4,14,231775
10,4,4,15,232015
10,4,4,16,232333
10,4,4,17,232745
10,4,4,18,233197
10,4,4,19,233694
10,4,4,20,234112
10,4,4,21,234397
10,4,4,22,234786
10,4,4,23,235146
10,5,5,0,235411
10,5,5,1,235537
10,5,5,2,235614
10,5,5,3,235648
10,5,5,4,235681
10,5,5,5,235696
10,5,5,6,235716
10,5,5,7,235753
10,5,5,8,235799
10,5,5,9,235867
10,5,5,10,235958
10,5,5,11,236063
10,5,5,12,236166
10,5,5,13,236302
10,5,5,14,236436
10,5,5,15,236575
10,5,5,16,236784
10,5,5,17,237036
10,5,5,18,237304
10,5,5,19,237593
10,5,5,20,237877
10,5,5,21,238122
10,5,5,22,238412
10,5,5,23,238770
10,6,6,0,239102
10,6,6,1,239379
10,6,6,2,239551
10,6,6,3,239649
10,6,6,4,239708
10,6,6,5,239742
10,6,6,6,239768
10,6,6,7,239800
10,6,6,8,239845
10,6,6,9,239906
10,6,6,10,240010
10,6,6,11,240140
10,6,6,12,240274
10,6,6,13,240422
10,6,6,14,240583
10,6,6,15,240733
10,6,6,16,240906
10,6,6,17,241083
10,6,6,18,241233
10,6,6,19,241390
10,6,6,20,241500
10,6,6,21,241598
10,6,6,22,241711
10,6,6,23,241802
10,7,0,0,241849
10,7,0,1,241868
10,7,0,2,241885
10,7,0,3,241898
10,7,0,4,241928
10,7,0,5,241976
10,7,0,6,242044
10,7,0,7,242226
10,7,0,8,242445
10,7,0,9,242619
10,7,0,10,242756
10,7,0,11,242862
10,7,0,12,242959
10,7,0,13,243063
10,7,0,14,243175
10,7,0,15,243344
10,7,0,16,243553
10,7,0,17,243932
10,7,0,18,244416
10,7,0,19,244859
10,7,0,20,245268
10,7,0,21,245488
10,7,0,22,245691
10,7,0,23,245815
10,8,1,0,245858
10,8,1,1,245895
10,8,1,2,245906
10,8,1,3,245920
10,8,1,4,245950
10,8,1,5,245983
10,8,1,6,246059
10,8,1,7,246267
10,8,1,8,246521
10,8,1,9,246740
10,8,1,10,246887
10,8,1,11,246995
10,8,1,12,247114
10,8,1,13,247216
10,8,1,14,247336
10,8,1,15,247475
10,8,1,16,247675
10,8,1,17,247940
10,8,1,18,248206
10,8,1,19,248424
10,8,1,20,248613
10,8,1,21,248833
10,8,1,22,249025
10,8,1,23,249141
10,9,2,0,249203
11,9,2,1,249226
11,9,2,2,249248
11,9,2,3,249263
11,9,2,4,249293
11,9,2,5,249333
11,9,2,6,249407
11,9,2,7,249577
1,9,2,8,249788
11,9,2,9,249977
11,9,2,10,250097
11,9,2,11,250231
11,9,2,12,250353
11,9,2,13,250468
11,9,2,14,250613
11,9,2,15,250783
11,9,2,16,251000
11,9,2,17,251261
11,9,2,18,251562
11,9,2,19,251806
11,9,2,20,252042
11,9,2,21,252253
11,9,2,22,252437
11,9,2,23,252580
11,10,3,0,252642
11,10,3,1,252673
11,10,3,2,252695
11,10,3,3,252706
11,10,3,4,252729
11,10,3,5,252769
11,10,3,6,252836
11,10,3,7,253008
11,10,3,8,253187
12,10,3,9,253355
12,10,3,10,253501
11,10,3,11,253614
11,10,3,12,253749
11,10,3,13,253891
11,10,3,14,254049
11,10,3,15,254260
11,10,3,16,254531
11,10,3,17,254822
11,10,3,18,255172
11,10,3,19,255456
11,10,3,20,255703
11,10,3,21,255992
11,10,3,22,256284
11,10,3,23,256487
11,11,4,0,256616
11,11,4,1,256657
11,11,4,2,256688
11,11,4,3,256706
11,11,4,4,256732
11,11,4,5,256771
11,11,4,6,256844
11,11,4,7,257006
11,11,4,8,257249
11,11,4,9,257450
11,11,4,10,257575
11,11,4,11,257733
11,11,4,12,257881
11,11,4,13,258045
11,11,4,14,258243
11,11,4,15,258425
11,11,4,16,258701
11,11,4,17,258995
11,11,4,18,259302
11,11,4,19,259583
11,11,4,20,259830
11,11,4,21,260044
11,11,4,22,260257
11,11,4,23,260503
11,12,5,0,260691
11,12,5,1,260802
11,12,5,2,260870
11,12,5,3,260916
11,12,5,4,260944
11,12,5,5,260976
11,12,5,6,261005
11,12,5,7,261046
11,12,5,8,261092
11,12,5,9,261157
11,12,5,10,261239
11,12,5,11,261349
11,12,5,12,261471
11,12,5,13,261596
11,12,5,14,261714
11,12,5,15,261853
11,12,5,16,262061
11,12,5,17,262296
11,12,5,18,262530
11,12,5,19,262800
11,12,5,20,263028
11,12,5,21,263217
11,12,5,22,263451
11,12,5,23,263733
11,13,6,0,263993
11,13,6,1,264183
11,13,6,2,264298
11,13,6,3,264357
11,13,6,4,264406
11,13,6,5,264435
11,13,6,6,264460
11,13,6,7,264496
11,13,6,8,264545
11,13,6,9,264615
11,13,6,10,264710
11,13,6,11,264818
11,13,6,12,264950
11,13,6,13,265089
12,13,6,14,265234
12,13,6,15,265385
12,13,6,16,265559
12,13,6,17,265734
12,13,6,18,265868
12,13,6,19,265977
12,13,6,20,266059
12,13,6,21,266134
12,13,6,22,266208
12,13,6,23,266265
12,14,0,0,266309
12,14,0,1,266332
12,14,0,2,266342
12,14,0,3,266349
12,14,0,4,266369
12,14,0,5,266401
12,14,0,6,266476
12,14,0,7,266617
12,14,0,8,266795
12,14,0,9,266941
12,14,0,10,267054
12,14,0,11,267142
12,14,0,12,267244
12,14,0,13,267344
12,14,0,14,267452
12,14,0,15,267587
12,14,0,16,267773
12,14,0,17,267980
12,14,0,18,268178
12,14,0,19,268312
12,14,0,20,268421
12,14,0,21,268529
12,14,0,22,268636
12,14,0,23,268726
12,15,1,0,268769
12,15,1,1,268794
12,15,1,2,268812
12,15,1,3,268828
12,15,1,4,268854
12,15,1,5,268886
12,15,1,6,268946
12,15,1,7,269064
12,15,1,8,269287
12,15,1,9,269485
12,15,1,10,269621
12,15,1,11,269776
12,15,1,12,269938
12,15,1,13,270082
12,15,1,14,270239
12,15,1,15,270397
12,15,1,16,270589
12,15,1,17,270900
12,15,1,18,271240
12,15,1,19,271575
12,15,1,20,271897
12,15,1,21,272237
12,15,1,22,272578
12,15,1,23,272793
12,16,2,0,272904
12,16,2,1,272938
12,16,2,2,272960
12,16,2,3,272974
12,16,2,4,273003
12,16,2,5,273040
12,16,2,6,273099
12,16,2,7,273243
12,16,2,8,273436
12,16,2,9,273621
12,16,2,10,273760
12,16,2,11,273873
12,16,2,12,273995
12,16,2,13,274102
12,16,2,14,274221
12,16,2,15,274375
12,16,2,16,274620
12,16,2,17,274905
12,16,2,18,275226
12,16,2,19,275473
12,16,2,20,275687
12,16,2,21,275931
12,16,2,22,276156
12,16,2,23,276312
12,17,3,0,276404
12,17,3,1,276442
12,17,3,2,276462
12,17,3,3,276479
12,17,3,4,276503
12,17,3,5,276549
12,17,3,6,276622
12,17,3,7,276777
12,17,3,8,276998
12,17,3,9,277180
12,17,3,10,277310
12,17,3,11,277437
12,17,3,12,277576
12,17,3,13,277731
12,17,3,14,277891
12,17,3,15,278069
12,17,3,16,278302
12,17,3,17,278585
12,17,3,18,278864
12,17,3,19,279148
12,17,3,20,279438
12,17,3,21,279717
12,17,3,22,280019
12,17,3,23,280264
12,18,4,0,280417
12,18,4,1,280500
12,18,4,2,280533
12,18,4,3,280554
12,18,4,4,280599
12,18,4,5,280645
12,18,4,6,280709
12,18,4,7,280779
12,18,4,8,280906
12,18,4,9,281055
12,18,4,10,281183
12,18,4,11,281301
12,18,4,12,281425
12,18,4,13,281547
12,18,4,14,281695
12,18,4,15,281877
12,18,4,16,282080
12,18,4,17,282309
12,18,4,18,282501
12,18,4,19,282744
12,18,4,20,282915
12,18,4,21,283089
12,18,4,22,283296
12,18,4,23,283542
12,19,5,0,283745
12,19,5,1,283860
12,19,5,2,283931
12,19,5,3,283989
12,19,5,4,284026
12,19,5,5,284051
12,19,5,6,284078
12,19,5,7,284111
12,19,5,8,284156
12,19,5,9,284211
12,19,5,10,284283
12,19,5,11,284381
12,19,5,12,284491
12,19,5,13,284610
12,19,5,14,284735
12,19,5,15,284860
12,19,5,16,285027
12,19,5,17,285208
12,19,5,18,285391
12,19,5,19,285567
12,19,5,20,285741
12,19,5,21,285886
12,19,5,22,286059
12,19,5,23,286249
12,20,6,0,286390
12,20,6,1,286477
12,20,6,2,286572
12,20,6,3,286623
12,20,6,4,286652
12,20,6,5,286678
12,20,6,6,286696
12,20,6,7,286713
12,20,6,8,286745
12,20,6,9,286801
12,20,6,10,286877
12,20,6,11,286968
12,20,6,12,287079
12,20,6,13,287219
12,20,6,14,287347
12,20,6,15,287455
12,20,6,16,287582
12,20,6,17,287710
12,20,6,18,287819
12,20,6,19,287936
12,20,6,20,288049
12,20,6,21,288156
12,20,6,22,288266
12,20,6,23,288333
12,21,0,0,288375
12,21,0,1,288396
12,21,0,2,288409
12,21,0,3,288415
12,21,0,4,288437
12,21,0,5,288486
12,21,0,6,288550
12,21,0,7,288679
12,21,0,8,288858
12,21,0,9,288993
12,21,0,10,289096
12,21,0,11,289173
12,21,0,12,289252
12,21,0,13,289350
12,21,0,14,289450
12,21,0,15,289586
12,21,0,16,289735
12,21,0,17,289898
12,21,0,18,290081
12,21,0,19,290230
12,21,0,20,290368
12,21,0,21,290500
12,21,0,22,290615
12,21,0,23,290677
12,22,1,0,290729
12,22,1,1,290754
12,22,1,2,290765
12,22,1,3,290770
12,22,1,4,290787
12,22,1,5,290820
12,22,1,6,290873
12,22,1,7,290995
12,22,1,8,291182
12,22,1,9,291345
12,22,1,10,291428
12,22,1,11,291545
12,22,1,12,291643
12,22,1,13,291729
12,22,1,14,291838
12,22,1,15,291992
12,22,1,16,292244
12,22,1,17,292556
13,22,1,18,292865
13,22,1,19,293105
13,22,1,20,293302
13,22,1,21,293515
13,22,1,22,293687
13,22,1,23,293794
13,23,2,0,293844
13,23,2,1,293868
13,23,2,2,293886
13,23,2,3,293894
13,23,2,4,293907
13,23,2,5,293945
13,23,2,6,294004
13,23,2,7,294152
13,23,2,8,294365
13,23,2,9,294523
13,23,2,10,294638
13,23,2,11,294770
13,23,2,12,294910
13,23,2,13,295047
13,23,2,14,295210
13,23,2,15,295377
13,23,2,16,295609
13,23,2,17,295877
13,23,2,18,296213
13,23,2,19,296505
13,23,2,20,296772
13,23,2,21,297082
13,23,2,22,297349
13,23,2,23,297528
13,24,3,0,297615
13,24,3,1,297652
13,24,3,2,297680
13,24,3,3,297703
13,24,3,4,297736
13,24,3,5,297780
13,24,3,6,297855
13,24,3,7,298018
13,24,3,8,298252
13,24,3,9,298467
13,24,3,10,298613
13,24,3,11,298732
13,24,3,12,298852
13,24,3,13,298981
13,24,3,14,299160
13,24,3,15,299377
13,24,3,16,299643
13,24,3,17,299964
13,24,3,18,300313
13,24,3,19,300614
13,24,3,20,300900
13,24,3,21,301222
13,24,3,22,301559
13,24,3,23,301864
13,25,4,0,301990
13,25,4,1,302051
13,25,4,2,302082
13,25,4,3,302108
13,25,4,4,302144
13,25,4,5,302196
13,25,4,6,302262
13,25,4,7,302423
13,25,4,8,302639
13,25,4,9,302827
13,25,4,10,302974
13,25,4,11,303109
13,25,4,12,303243
13,25,4,13,303400
13,25,4,14,303565
13,25,4,15,303772
13,25,4,16,303997
13,25,4,17,304300
13,25,4,18,304614
13,25,4,19,304944
13,25,4,20,305210
13,25,4,21,305478
13,25,4,22,305813
13,25,4,23,306159
13,26,5,0,306495
13,26,5,1,306638
13,26,5,2,306813
13,26,5,3,306939
13,26,5,4,307006
13,26,5,5,307042
13,26,5,6,307069
13,26,5,7,307122
13,26,5,8,307182
13,26,5,9,307249
13,26,5,10,307345
13,26,5,11,307471
13,26,5,12,307594
13,26,5,13,307723
13,26,5,14,307848
13,26,5,15,308015
13,26,5,16,308244
13,26,5,17,308551
13,26,5,18,308879
13,26,5,19,309185
13,26,5,20,309495
13,26,5,21,309742
13,26,5,22,310063
13,26,5,23,310387
13,27,6,0,310679
13,27,6,1,310897
13,27,6,2,311049
13,27,6,3,311138
13,27,6,4,311200
13,27,6,5,311233
13,27,6,6,311263
13,27,6,7,311292
13,27,6,8,311330
13,27,6,9,311395
13,27,6,10,311483
13,27,6,11,311588
13,27,6,12,311705
13,27,6,13,311838
13,27,6,14,311991
13,27,6,15,312149
13,27,6,16,312337
13,27,6,17,312548
13,27,6,18,312727
13,27,6,19,312859
13,27,6,20,312980
13,27,6,21,313088
13,27,6,22,313200
13,27,6,23,313288
13,28,0,0,313339
13,28,0,1,313372
13,28,0,2,313388
13,28,0,3,313401
13,28,0,4,313436
13,28,0,5,313485
13,28,0,6,313570
13,28,0,7,313687
13,28,0,8,313875
13,28,0,9,314038
13,28,0,10,314163
13,28,0,11,314278
13,28,0,12,314375
13,28,0,13,314478
13,28,0,14,314588
13,28,0,15,314722
13,28,0,16,314884
13,28,0,17,315084
13,28,0,18,315315
13,28,0,19,315476
13,28,0,20,315630
13,28,0,21,315796
13,28,0,22,315933
13,28,0,23,316007
13,29,1,0,316053
13,29,1,1,316074
13,29,1,2,316089
13,29,1,3,316099
13,29,1,4,316113
13,29,1,5,316151
13,29,1,6,316220
13,29,1,7,316391
13,29,1,8,316638
13,29,1,9,316843
13,29,1,10,316951
13,29,1,11,317075
13,29,1,12,317181
13,29,1,13,317297
13,29,1,14,317452
13,29,1,15,317666
13,29,1,16,317966
13,29,1,17,318319
13,29,1,18,318724
13,29,1,19,319049
13,29,1,20,319352
13,29,1,21,319659
13,29,1,22,319930
13,29,1,23,320068
13,30,2,0,320152
13,30,2,1,320185
13,30,2,2,320211
13,30,2,3,320232
13,30,2,4,320258
13,30,2,5,320306
13,30,2,6,320433
13,30,2,7,320638
13,30,2,8,320923
13,30,2,9,321238
13,30,2,10,321477
13,30,2,11,321744
13,30,2,12,322002
13,30,2,13,322278
13,30,2,14,322568
13,30,2,15,322906
13,30,2,16,323325
13,30,2,17,323803
13,30,2,18,324321
13,30,2,19,324894
13,30,2,20,325432
13,30,2,21,325928
13,30,2,22,326347
13,30,2,23,326655
13,1,1,0,326800
13,1,1,1,326860
13,1,1,2,326882
13,1,1,3,326906
13,1,1,4,326952
13,1,1,5,327025
13,1,1,6,327171
13,1,1,7,327477
13,1,1,8,327923
13,1,1,9,328264
13,1,1,10,328503
13,1,1,11,328705
13,1,1,12,328913
13,1,1,13,329103
13,1,1,14,329360
13,1,1,15,329659
13,1,1,16,330085
13,1,1,17,330600
13,1,1,18,331115
13,1,1,19,331599
13,1,1,20,332050
13,1,1,21,332292
13,1,1,22,332675
13,1,1,23,332904
13,2,2,0,333055
13,2,2,1,333135
13,2,2,2,333166
13,2,2,3,333191
13,2,2,4,333224
13,2,2,5,333304
13,2,2,6,333461
13,2,2,7,333795
13,2,2,8,334263
13,2,2,9,334664
13,2,2,10,334933
13,2,2,11,335207
13,2,2,12,335531
13,2,2,13,335804
13,2,2,14,336110
13,2,2,15,336472
13,2,2,16,336969
13,2,2,17,337537
13,2,2,18,338200
13,2,2,19,338746
13,2,2,20,339211
13,2,2,21,339723
13,2,2,22,340133
13,2,2,23,340405
13,3,3,0,340570
13,3,3,1,340658
13,3,3,2,340703
13,3,3,3,340740
13,3,3,4,340808
13,3,3,5,340905
13,3,3,6,341075
13,3,3,7,341399
13,3,3,8,341844
13,3,3,9,342218
13,3,3,10,342478
13,3,3,11,342727
13,3,3,12,342965
13,3,3,13,343227
13,3,3,14,343552
13,3,3,15,343971
13,3,3,16,344519
13,3,3,17,345154
13,3,3,18,345867
13,3,3,19,346595
13,3,3,20,347201
13,3,3,21,347867
13,3,3,22,348629
13,3,3,23,349279
13,4,4,0,349631
13,4,4,1,349794
13,4,4,2,349881
13,4,4,3,349941
13,4,4,4,350011
13,4,4,5,350125
13,4,4,6,350318
13,4,4,7,350694
13,4,4,8,351252
13,4,4,9,351757
13,4,4,10,352106
13,4,4,11,352442
13,4,4,12,352812
13,4,4,13,353158
13,4,4,14,353546
13,4,4,15,354057
13,4,4,16,354704
13,4,4,17,355512
13,4,4,18,356511
13,4,4,19,357601
13,4,4,20,358547
13,4,4,21,359222
13,4,4,22,360058
13,4,4,23,360903
13,5,5,0,361496
13,5,5,1,361826
13,5,5,2,362020
13,5,5,3,362122
13,5,5,4,362208
13,5,5,5,362294
13,5,5,6,362380
13,5,5,7,362472
13,5,5,8,362605
13,5,5,9,362754
13,5,5,10,362950
13,5,5,11,363193
13,5,5,12,363430
13,5,5,13,363710
13,5,5,14,363974
13,5,5,15,364277
13,5,5,16,364735
13,5,5,17,365306
13,5,5,18,365939
13,5,5,19,366638
13,5,5,20,367255
13,5,5,21,367852
13,5,5,22,368577
13,5,5,23,369374
13,6,6,0,370136
13,6,6,1,370812
13,6,6,2,371239
13,6,6,3,371476
13,6,6,4,371623
13,6,6,5,371711
13,6,6,6,371799
13,6,6,7,371876
13,6,6,8,371976
13,6,6,9,372110
13,6,6,10,372297
13,6,6,11,372533
13,6,6,12,372771
13,6,6,13,372994
13,6,6,14,373266
13,6,6,15,373557
13,6,6,16,373917
13,6,6,17,374250
13,6,6,18,374605
13,6,6,19,374939
13,6,6,20,375216
13,6,6,21,375438
13,6,6,22,375684
13,6,6,23,375850
13,7,0,0,375976
13,7,0,1,376027
13,7,0,2,376052
13,7,0,3,376076
13,7,0,4,376149
13,7,0,5,376290
13,7,0,6,376467
13,7,0,7,376835
13,7,0,8,377297
13,7,0,9,377670
13,7,0,10,377914
13,7,0,11,378123
13,7,0,12,378327
13,7,0,13,378522
13,7,0,14,378772
13,7,0,15,379140
13,7,0,16,379605
13,7,0,17,380355
13,7,0,18,381299
13,7,0,19,382227
13,7,0,20,383115
13,7,0,21,383641
13,7,0,22,384114
13,7,0,23,384398
13,8,1,0,384513
13,8,1,1,384605
13,8,1,2,384648
13,8,1,3,384675
13,8,1,4,384728
13,8,1,5,384825
13,8,1,6,385033
13,8,1,7,385413
13,8,1,8,385901
13,8,1,9,386354
13,8,1,10,386611
13,8,1,11,386817
13,8,1,12,387048
13,8,1,13,387272
13,8,1,14,387506
13,8,1,15,387812
13,8,1,16,388200
13,8,1,17,388666
13,8,1,18,389229
13,8,1,19,389664
13,8,1,20,390036
13,8,1,21,390498
13,8,1,22,390882
13,8,1,23,391145
13,9,2,0,391276
13,9,2,1,391352
13,9,2,2,391403
13,9,2,3,391433
13,9,2,4,391497
13,9,2,5,391582
13,9,2,6,391734
13,9,2,7,392088
13,9,2,8,392533
13,9,2,9,392881
13,9,2,10,393115
13,9,2,11,393324
13,9,2,12,393560
13,9,2,13,393782
13,9,2,14,394066
13,9,2,15,394428
13,9,2,16,394892
13,9,2,17,395404
13,9,2,18,396013
13,9,2,19,396526
13,9,2,20,397023
13,9,2,21,397441
13,9,2,22,397890
13,9,2,23,398199
13,10,3,0,398376
13,10,3,1,398452
13,10,3,2,398504
13,10,3,3,398535
13,10,3,4,398604
13,10,3,5,398708
13,10,3,6,398860
13,10,3,7,399201
13,10,3,8,399636
13,10,3,9,399971
13,10,3,10,400231
13,10,3,11,400453
14,10,3,12,400705
14,10,3,13,400936
14,10,3,14,401283
14,10,3,15,401700
14,10,3,16,402234
14,10,3,17,402875
14,10,3,18,403606
14,10,3,19,404256
14,10,3,20,404807
14,10,3,21,405427
14,10,3,22,406065
14,10,3,23,406499
14,11,4,0,406736
14,11,4,1,406863
14,11,4,2,406934
14,11,4,3,406986
14,11,4,4,407075
14,11,4,5,407182
14,11,4,6,407338
14,11,4,7,407667
14,11,4,8,408098
14,11,4,9,408493
14,11,4,10,408753
14,11,4,11,409012
14,11,4,12,409291
14,11,4,13,409564
14,11,4,14,409905
14,11,4,15,410234
14,11,4,16,410757
14,11,4,17,411340
14,11,4,18,412009
14,11,4,19,412641
14,11,4,20,413228
14,11,4,21,413705
14,11,4,22,414194
14,11,4,23,414746
14,12,5,0,415188
14,12,5,1,415480
14,12,5,2,415682
14,12,5,3,415790
14,12,5,4,415863
14,12,5,5,415922
14,12,5,6,416002
14,12,5,7,416076
14,12,5,8,416189
14,12,5,9,416350
14,12,5,10,416523
14,12,5,11,416734
14,12,5,12,416963
14,12,5,13,417204
14,12,5,14,417456
14,12,5,15,417724
14,12,5,16,418163
14,12,5,17,418672
14,12,5,18,419178
14,12,5,19,419875
14,12,5,20,420418
14,12,5,21,420847
14,12,5,22,421421
14,12,5,23,422106
14,13,6,0,422693
14,13,6,1,423148
14,13,6,2,423432
14,13,6,3,423580
14,13,6,4,423674
14,13,6,5,423735
14,13,6,6,423789
14,13,6,7,423868
14,13,6,8,423967
14,13,6,9,424085
14,13,6,10,424248
14,13,6,11,424426
14,13,6,12,424627
14,13,6,13,424851
14,13,6,14,425128
14,13,6,15,425407
14,13,6,16,425718
14,13,6,17,426078
14,13,6,18,426411
14,13,6,19,426710
14,13,6,20,426962
14,13,6,21,427183
14,13,6,22,427432
14,13,6,23,427602
14,14,0,0,427693
14,14,0,1,427742
14,14,0,2,427764
14,14,0,3,427783
14,14,0,4,427840
14,14,0,5,427942
14,14,0,6,428102
14,14,0,7,428383
14,14,0,8,428765
14,14,0,9,429070
14,14,0,10,429255
14,14,0,11,429432
14,14,0,12,429600
14,14,0,13,429808
14,14,0,14,430027
14,14,0,15,430324
14,14,0,16,430695
14,14,0,17,431116
14,14,0,18,431491
14,14,0,19,431777
14,14,0,20,432051
14,14,0,21,432348
14,14,0,22,432611
14,14,0,23,432811
14,15,1,0,432921
14,15,1,1,432987
14,15,1,2,433018
14,15,1,3,433044
14,15,1,4,433083
14,15,1,5,433138
14,15,1,6,433252
14,15,1,7,433500
14,15,1,8,433922
14,15,1,9,434291
14,15,1,10,434569
14,15,1,11,434859
14,15,1,12,435159
14,15,1,13,435434
14,15,1,14,435757
14,15,1,15,436110
14,15,1,16,436516
14,15,1,17,437131
14,15,1,18,437837
14,15,1,19,438561
14,15,1,20,439294
14,15,1,21,440024
14,15,1,22,440676
14,15,1,23,441120
14,16,2,0,441381
14,16,2,1,441477
14,16,2,2,441516
14,16,2,3,441547
14,16,2,4,441590
14,16,2,5,441662
14,16,2,6,441807
14,16,2,7,442108
14,16,2,8,442500
14,16,2,9,442895
14,16,2,10,443158
14,16,2,11,443387
14,16,2,12,443608
14,16,2,13,443848
14,16,2,14,444114
14,16,2,15,444446
14,16,2,16,444888
14,16,2,17,445434
14,16,2,18,446027
14,16,2,19,446557
14,16,2,20,447046
14,16,2,21,447517
14,16,2,22,448001
14,16,2,23,448309
14,17,3,0,448520
14,17,3,1,448629
14,17,3,2,448679
14,17,3,3,448725
14,17,3,4,448778
14,17,3,5,448863
14,17,3,6,449014
14,17,3,7,449342
14,17,3,8,449758
14,17,3,9,450122
14,17,3,10,450371
14,17,3,11,450619
14,17,3,12,450875
14,17,3,13,451139
14,17,3,14,451483
14,17,3,15,451867
14,17,3,16,452322
14,17,3,17,452913
14,17,3,18,453566
14,17,3,19,454221
14,17,3,20,454828
14,17,3,21,455401
14,17,3,22,455986
14,17,3,23,456516
14,18,4,0,456825
14,18,4,1,456997
14,18,4,2,457091
14,18,4,3,457146
14,18,4,4,457228
14,18,4,5,457326
14,18,4,6,457447
14,18,4,7,457621
14,18,4,8,457883
14,18,4,9,458159
14,18,4,10,458417
14,18,4,11,458643
14,18,4,12,458900
14,18,4,13,459168
14,18,4,14,459469
14,18,4,15,459805
14,18,4,16,460270
14,18,4,17,460789
14,18,4,18,461301
14,18,4,19,461831
14,18,4,20,462292
14,18,4,21,462743
14,18,4,22,463192
14,18,4,23,463708
14,19,5,0,464114
14,19,5,1,464387
14,19,5,2,464581
14,19,5,3,464712
14,19,5,4,464812
14,19,5,5,464868
14,19,5,6,464928
14,19,5,7,464998
14,19,5,8,465084
14,19,5,9,465195
14,19,5,10,465351
14,19,5,11,465528
14,19,5,12,465735
14,19,5,13,465979
14,19,5,14,466199
14,19,5,15,466465
14,19,5,16,466811
14,19,5,17,467191
14,19,5,18,467594
14,19,5,19,467993
14,19,5,20,468398
14,19,5,21,468732
14,19,5,22,469109
14,19,5,23,469549
14,20,6,0,469889
14,20,6,1,470111
14,20,6,2,470290
14,20,6,3,470411
14,20,6,4,470501
14,20,6,5,470557
14,20,6,6,470615
14,20,6,7,470671
14,20,6,8,470748
14,20,6,9,470855
14,20,6,10,471039
14,20,6,11,471241
14,20,6,12,471454
14,20,6,13,471685
14,20,6,14,471925
14,20,6,15,472176
14,20,6,16,472478
14,20,6,17,472772
14,20,6,18,473033
14,20,6,19,473304
14,20,6,20,473605
14,20,6,21,473866
14,20,6,22,474120
14,20,6,23,474289
14,21,0,0,474387
14,21,0,1,474442
14,21,0,2,474475
14,21,0,3,474502
14,21,0,4,474561
14,21,0,5,474670
14,21,0,6,474851
14,21,0,7,475142
14,21,0,8,475514
14,21,0,9,475819
14,21,0,10,476029
14,21,0,11,476205
14,21,0,12,476388
14,21,0,13,476556
14,21,0,14,476768
14,21,0,15,477051
14,21,0,16,477383
14,21,0,17,477778
14,21,0,18,478186
14,21,0,19,478507
14,21,0,20,478832
14,21,0,21,479112
14,21,0,22,479348
14,21,0,23,479519
14,22,1,0,479645
14,22,1,1,479715
14,22,1,2,479742
14,22,1,3,479770
14,22,1,4,479813
14,22,1,5,479901
14,22,1,6,480039
14,22,1,7,480333
14,22,1,8,480715
14,22,1,9,481022
14,22,1,10,481231
14,22,1,11,481436
14,22,1,12,481630
14,22,1,13,481816
14,22,1,14,482050
14,22,1,15,482357
14,22,1,16,482867
14,22,1,17,483477
14,22,1,18,484070
14,22,1,19,484594
14,22,1,20,485063
14,22,1,21,485494
14,22,1,22,485886
14,22,1,23,486121
14,23,2,0,486257
14,23,2,1,486331
14,23,2,2,486366
14,23,2,3,486391
14,23,2,4,486427
14,23,2,5,486521
14,23,2,6,486683
14,23,2,7,487010
14,23,2,8,487427
14,23,2,9,487818
14,23,2,10,488079
14,23,2,11,488361
14,23,2,12,488599
14,23,2,13,488851
14,23,2,14,489131
14,23,2,15,489491
14,23,2,16,489961
14,23,2,17,490535
14,23,2,18,491217
14,23,2,19,491773
14,23,2,20,492354
14,23,2,21,492953
14,23,2,22,493459
14,23,2,23,493815
14,24,3,0,493997
14,24,3,1,494064
14,24,3,2,494116
14,24,3,3,494160
14,24,3,4,494216
14,24,3,5,494310
14,24,3,6,494484
14,24,3,7,494822
14,24,3,8,495262
14,24,3,9,495660
14,24,3,10,495963
14,24,3,11,496212
14,24,3,12,496478
14,24,3,13,496763
14,24,3,14,497106
14,24,3,15,497510
14,24,3,16,498034
14,24,3,17,498663
14,24,3,18,499411
14,24,3,19,500113
14,24,3,20,500762
14,24,3,21,501432
14,24,3,22,502111
14,24,3,23,502642
14,25,4,0,502935
14,25,4,1,503054
14,25,4,2,503123
14,25,4,3,503165
14,25,4,4,503226
14,25,4,5,503313
14,25,4,6,503473
14,25,4,7,503785
14,25,4,8,504168
14,25,4,9,504547
14,25,4,10,504838
14,25,4,11,505089
14,25,4,12,505348
14,25,4,13,505637
14,25,4,14,505957
14,25,4,15,506360
14,25,4,16,506905
14,25,4,17,507509
14,25,4,18,508168
14,25,4,19,508924
14,25,4,20,509554
14,25,4,21,510119
14,25,4,22,510853
14,25,4,23,511669
14,26,5,0,512397
14,26,5,1,512792
14,26,5,2,513260
14,26,5,3,513557
14,26,5,4,513733
14,26,5,5,513831
14,26,5,6,513921
14,26,5,7,514016
14,26,5,8,514149
14,26,5,9,514326
14,26,5,10,514534
14,26,5,11,514743
14,26,5,12,515017
14,26,5,13,515261
14,26,5,14,515550
14,26,5,15,515911
14,26,5,16,516439
14,26,5,17,517124
14,26,5,18,517821
14,26,5,19,518565
14,26,5,20,519249
14,26,5,21,519815
14,26,5,22,520476
14,26,5,23,521171
14,27,6,0,521807
14,27,6,1,522306
14,27,6,2,522627
14,27,6,3,522805
14,27,6,4,522906
14,27,6,5,522968
14,27,6,6,523031
14,27,6,7,523108
14,27,6,8,523201
14,27,6,9,523337
14,27,6,10,523512
14,27,6,11,523729
14,27,6,12,523956
14,27,6,13,524195
14,27,6,14,524474
14,27,6,15,524814
14,27,6,16,525162
14,27,6,17,525530
14,27,6,18,525852
14,27,6,19,526114
14,27,6,20,526369
14,27,6,21,526613
14,27,6,22,526848
14,27,6,23,527025
14,28,0,0,527142
14,28,0,1,527218
14,28,0,2,527251
14,28,0,3,527277
14,28,0,4,527351
14,28,0,5,527462
14,28,0,6,527656
14,28,0,7,527975
14,28,0,8,528388
14,28,0,9,528713
14,28,0,10,528949
14,28,0,11,529142
14,28,0,12,529326
14,28,0,13,529526
14,28,0,14,529749
14,28,0,15,530014
14,28,0,16,530391
14,28,0,17,530810
14,28,0,18,531299
14,28,0,19,531658
14,28,0,20,531963
14,28,0,21,532341
14,28,0,22,532656
14,28,0,23,532815
14,29,1,0,532933
14,29,1,1,532994
14,29,1,2,533035
14,29,1,3,533065
14,29,1,4,533104
14,29,1,5,533175
14,29,1,6,533321
14,29,1,7,533649
14,29,1,8,534097
14,29,1,9,534475
14,29,1,10,534724
14,29,1,11,534954
14,29,1,12,535149
14,29,1,13,535381
14,29,1,14,535736
14,29,1,15,536207
14,29,1,16,536818
14,29,1,17,537531
14,29,1,18,538371
14,29,1,19,539011
14,29,1,20,539592
14,29,1,21,540192
14,29,1,22,540808
14,29,1,23,541119
14,30,2,0,541281
14,30,2,1,541363
14,30,2,2,541410
14,30,2,3,541441
14,30,2,4,541496
14,30,2,5,541580
14,30,2,6,541785
14,30,2,7,542193
14,30,2,8,542735
14,30,2,9,543330
14,30,2,10,543840
14,30,2,11,544334
14,30,2,12,544854
14,30,2,13,545414
14,30,2,14,545967
14,30,2,15,546646
14,30,2,16,547524
14,30,2,17,548504
14,30,2,18,549530
14,30,2,19,550605
14,30,2,20,551645
14,30,2,21,552684
14,30,2,22,553558
14,30,2,23,554232
14,1,1,0,554608
14,1,1,1,554613
14,1,1,2,554617
14,1,1,3,554618
14,1,1,4,554619
14,1,1,5,554625
14,1,1,6,554634
14,1,1,7,554648
14,1,1,8,554668
14,1,1,9,554681
14,1,1,10,554692
14,1,1,11,554701
14,1,1,12,554715
14,1,1,13,554728
14,1,1,14,554739
14,1,1,15,554759
14,1,1,16,554781
14,1,1,17,554808
14,1,1,18,554839
14,1,1,19,554858
14,1,1,20,554881
14,1,1,21,554895
14,1,1,22,554915
14,1,1,23,554924
14,2,2,0,554931
14,2,2,1,554934
14,2,2,2,554937
14,2,2,3,554938
14,2,2,4,554940
14,2,2,5,554944
14,2,2,6,554949
14,2,2,7,554959
14,2,2,8,554980
14,2,2,9,554996
14,2,2,10,555008
14,2,2,11,555025
14,2,2,12,555033
14,2,2,13,555046
14,2,2,14,555065
14,2,2,15,555085
14,2,2,16,555112
14,2,2,17,555133
14,2,2,18,555164
14,2,2,19,555192
14,2,2,20,555207
14,2,2,21,555231
14,2,2,22,555258
14,2,2,23,555272
14,3,3,0,555276
14,3,3,1,555279
14,3,3,2,555280
14,3,3,3,555283
14,3,3,4,555284
14,3,3,5,555288
14,3,3,6,555293
14,3,3,7,555304
14,3,3,8,555318
14,3,3,9,555330
14,3,3,10,555341
14,3,3,11,555352
14,3,3,12,555361
14,3,3,13,555375
14,3,3,14,555391
14,3,3,15,555414
14,3,3,16,555441
14,3,3,17,555474
14,3,3,18,555509
14,3,3,19,555541
14,3,3,20,555567
14,3,3,21,555606
14,3,3,22,555638
14,3,3,23,555664
14,4,4,0,555681
14,4,4,1,555688
14,4,4,2,555691
14,4,4,3,555694
14,4,4,4,555696
14,4,4,5,555700
14,4,4,6,555705
14,4,4,7,555714
14,4,4,8,555738
14,4,4,9,555759
14,4,4,10,555773
14,4,4,11,555781
14,4,4,12,555793
14,4,4,13,555801
14,4,4,14,555816
14,4,4,15,555841
14,4,4,16,555870
14,4,4,17,555900
14,4,4,18,555944
14,4,4,19,555984
14,4,4,20,556015
14,4,4,21,556051
14,4,4,22,556100
14,4,4,23,556138
14,5,5,0,556165
14,5,5,1,556182
14,5,5,2,556191
14,5,5,3,556194
14,5,5,4,556197
14,5,5,5,556198
14,5,5,6,556200
14,5,5,7,556204
14,5,5,8,556210
14,5,5,9,556219
14,5,5,10,556230
14,5,5,11,556237
14,5,5,12,556247
14,5,5,13,556257
14,5,5,14,556268
14,5,5,15,556284
14,5,5,16,556305
14,5,5,17,556332
14,5,5,18,556363
14,5,5,19,556396
14,5,5,20,556422
14,5,5,21,556448
14,5,5,22,556473
14,5,5,23,556505
14,6,6,0,556538
14,6,6,1,556560
14,6,6,2,556575
14,6,6,3,556579
14,6,6,4,556581
14,6,6,5,556583
14,6,6,6,556586
14,6,6,7,556587
14,6,6,8,556591
14,6,6,9,556593
14,6,6,10,556598
14,6,6,11,556605
14,6,6,12,556612
14,6,6,13,556622
14,6,6,14,556635
14,6,6,15,556646
14,6,6,16,556663
14,6,6,17,556675
14,6,6,18,556683
14,6,6,19,556700
14,6,6,20,556716
14,6,6,21,556724
14,6,6,22,556735
14,6,6,23,556745
14,7,0,0,556748
14,7,0,1,556749
14,7,0,4,556750
14,7,0,5,556751
14,7,0,6,556753
14,7,0,7,556760
14,7,0,8,556771
14,7,0,9,556777
14,7,0,10,556787
14,7,0,11,556799
14,7,0,12,556808
14,7,0,13,556817
14,7,0,14,556830
14,7,0,15,556846
14,7,0,16,556862
14,7,0,17,556891
14,7,0,18,556929
14,7,0,19,556956
14,7,0,20,556979
14,7,0,21,557000
14,7,0,22,557017
14,7,0,23,557036
14,8,1,0,557040
14,8,1,4,557044
14,8,1,5,557045
14,8,1,6,557049
14,8,1,7,557058
14,8,1,8,557072
14,8,1,9,557087
14,8,1,10,557097
14,8,1,11,557109
14,8,1,12,557116
14,8,1,13,557123
14,8,1,14,557137
14,8,1,15,557148
14,8,1,16,557180
14,8,1,17,557201
14,8,1,18,557231
14,8,1,19,557251
14,8,1,20,557265
14,8,1,21,557286
14,8,1,22,557303
14,8,1,23,557310
14,9,2,0,557316
14,9,2,2,557318
14,9,2,3,557319
14,9,2,4,557321
14,9,2,5,557323
14,9,2,6,557329
14,9,2,7,557343
14,9,2,8,557363
14,9,2,9,557375
14,9,2,10,557382
14,9,2,11,557391
14,9,2,12,557400
14,9,2,13,557416
14,9,2,14,557432
14,9,2,15,557452
14,9,2,16,557472
14,9,2,17,557501
14,9,2,18,557533
14,9,2,19,557552
14,9,2,20,557580
14,9,2,21,557600
14,9,2,22,557621
14,9,2,23,557635
14,10,3,0,557641
14,10,3,1,557645
14,10,3,2,557647
14,10,3,3,557648
14,10,3,4,557653
14,10,3,5,557654
14,10,3,6,557657
14,10,3,7,557666
14,10,3,8,557688
14,10,3,9,557706
14,10,3,10,557712
14,10,3,11,557719
14,10,3,12,557730
14,10,3,13,557743
14,10,3,14,557761
14,10,3,15,557783
14,10,3,16,557808
14,10,3,17,557835
14,10,3,18,557867
14,10,3,19,557901
14,10,3,20,557927
14,10,3,21,557950
14,10,3,22,557980
14,10,3,23,558001
14,11,4,0,558013
14,11,4,1,558024
14,11,4,2,558027
14,11,4,3,558028
14,11,4,4,558030
14,11,4,5,558032
14,11,4,6,558035
14,11,4,7,558044
14,11,4,8,558057
14,11,4,9,558068
14,11,4,10,558078
14,11,4,11,558082
14,11,4,12,558088
14,11,4,13,558100
14,11,4,14,558116
14,11,4,15,558132
14,11,4,16,558150
14,11,4,17,558176
14,11,4,18,558203
14,11,4,19,558227
14,11,4,20,558249
14,11,4,21,558263
14,11,4,22,558284
14,11,4,23,558309
14,12,5,0,558331
14,12,5,1,558338
14,12,5,2,558346
14,12,5,3,558354
14,12,5,4,558357
14,12,5,5,558361
14,12,5,6,558366
14,12,5,7,558368
14,12,5,8,558375
14,12,5,9,558380
14,12,5,10,558386
14,12,5,11,558399
14,12,5,12,558409
14,12,5,13,558421
14,12,5,14,558438
14,12,5,15,558458
14,12,5,16,558481
14,12,5,17,558509
14,12,5,18,558537
14,12,5,19,558580
14,12,5,20,558601
14,12,5,21,558620
14,12,5,22,558650
14,12,5,23,558681
14,13,6,0,558699
14,13,6,1,558720
14,13,6,2,558727
14,13,6,3,558732
14,13,6,4,558738
14,13,6,5,558740
14,13,6,6,558741
14,13,6,7,558743
14,13,6,8,558746
14,13,6,9,558749
14,13,6,10,558757
14,13,6,11,558766
14,13,6,12,558775
14,13,6,13,558781
14,13,6,14,558789
14,13,6,15,558803
14,13,6,16,558822
14,13,6,17,558839
14,13,6,18,558855
14,13,6,19,558868
14,13,6,20,558874
14,13,6,21,558887
14,13,6,22,558894
14,13,6,23,558903
14,14,0,0,558909
14,14,0,2,558910
14,14,0,3,558911
14,14,0,4,558912
14,14,0,5,558916
14,14,0,6,558920
14,14,0,7,558930
14,14,0,8,558944
14,14,0,9,558956
14,14,0,10,558965
14,14,0,11,558974
15,14,0,12,558986
15,14,0,13,558994
15,14,0,14,559005
15,14,0,15,559017
15,14,0,16,559038
15,14,0,17,559060
15,14,0,18,559082
15,14,0,19,559096
15,14,0,20,559107
15,14,0,21,559121
15,14,0,22,559138
15,14,0,23,559147
15,15,1,0,559152
15,15,1,1,559153
15,15,1,3,559154
15,15,1,4,559155
15,15,1,5,559159
15,15,1,6,559162
15,15,1,7,559169
15,15,1,8,559181
15,15,1,9,559187
15,15,1,10,559196
15,15,1,11,559207
15,15,1,12,559216
15,15,1,13,559225
15,15,1,14,559242
15,15,1,15,559256
15,15,1,16,559279
15,15,1,17,559314
15,15,1,18,559353
15,15,1,19,559382
15,15,1,20,559407
15,15,1,21,559433
15,15,1,22,559452
15,15,1,23,559468
15,16,2,0,559480
15,16,2,1,559482
15,16,2,2,559483
15,16,2,3,559484
15,16,2,4,559486
15,16,2,5,559488
15,16,2,6,559493
15,16,2,7,559501
15,16,2,8,559513
15,16,2,9,559527
15,16,2,10,559539
15,16,2,11,559544
15,16,2,12,559554
15,16,2,13,559570
15,16,2,14,559582
15,16,2,15,559599
15,16,2,16,559618
15,16,2,17,559643
15,16,2,18,559675
15,16,2,19,559698
15,16,2,20,559716
15,16,2,21,559735
15,16,2,22,559754
15,16,2,23,559768
15,17,3,0,559772
15,17,3,1,559775
15,17,3,2,559776
15,17,3,3,559780
15,17,3,4,559781
15,17,3,5,559784
15,17,3,6,559791
15,17,3,7,559801
15,17,3,8,559818
15,17,3,9,559832
15,17,3,10,559844
15,17,3,11,559856
15,17,3,12,559871
15,17,3,13,559888
15,17,3,14,559904
15,17,3,15,559922
15,17,3,16,559948
15,17,3,17,559979
15,17,3,18,560007
15,17,3,19,560036
15,17,3,20,560061
15,17,3,21,560080
15,17,3,22,560103
15,17,3,23,560125
15,18,4,0,560136
15,18,4,1,560141
15,18,4,2,560145
15,18,4,4,560146
15,18,4,5,560149
15,18,4,6,560154
15,18,4,7,560160
15,18,4,8,560173
15,18,4,9,560189
15,18,4,10,560201
15,18,4,11,560209
15,18,4,12,560221
15,18,4,13,560235
15,18,4,14,560250
15,18,4,15,560265
15,18,4,16,560296
15,18,4,17,560327
15,18,4,18,560338
15,18,4,19,560362
15,18,4,20,560389
15,18,4,21,560409
15,18,4,22,560436
15,18,4,23,560464
15,19,5,0,560486
15,19,5,1,560499
15,19,5,2,560506
15,19,5,3,560511
15,19,5,4,560513
15,19,5,5,560515
15,19,5,6,560516
15,19,5,7,560517
15,19,5,8,560521
15,19,5,9,560530
15,19,5,10,560537
15,19,5,11,560545
15,19,5,12,560555
15,19,5,13,560567
15,19,5,14,560575
15,19,5,15,560589
15,19,5,16,560603
15,19,5,17,560622
15,19,5,18,560636
15,19,5,19,560651
15,19,5,20,560667
15,19,5,21,560677
15,19,5,22,560696
15,19,5,23,560714
15,20,6,0,560735
15,20,6,1,560746
15,20,6,2,560760
15,20,6,3,560763
15,20,6,4,560767
15,20,6,5,560769
15,20,6,6,560770
15,20,6,7,560772
15,20,6,8,560776
15,20,6,9,560782
15,20,6,10,560788
15,20,6,11,560797
15,20,6,12,560807
15,20,6,13,560817
15,20,6,14,560827
15,20,6,15,560843
15,20,6,16,560866
15,20,6,17,560887
15,20,6,18,560899
15,20,6,19,560908
15,20,6,20,560925
15,20,6,21,560940
15,20,6,22,560959
15,20,6,23,560972
15,21,0,0,560980
15,21,0,1,560983
15,21,0,2,560984
15,21,0,3,560986
15,21,0,4,560990
15,21,0,5,560996
15,21,0,6,561003
15,21,0,7,561015
15,21,0,8,561025
15,21,0,9,561031
15,21,0,10,561039
15,21,0,11,561042
15,21,0,12,561048
15,21,0,13,561056
15,21,0,14,561062
15,21,0,15,561074
15,21,0,16,561091
15,21,0,17,561117
15,21,0,18,561140
15,21,0,19,561149
15,21,0,20,561158
15,21,0,21,561167
15,21,0,22,561177
15,21,0,23,561188
15,22,1,0,561194
15,22,1,1,561200
15,22,1,2,561203
15,22,1,3,561206
15,22,1,4,561208
15,22,1,5,561212
15,22,1,6,561216
15,22,1,7,561222
15,22,1,8,561237
15,22,1,9,561248
15,22,1,10,561252
15,22,1,11,561257
15,22,1,12,561266
15,22,1,13,561277
15,22,1,14,561287
15,22,1,15,561298
15,22,1,16,561325
15,22,1,17,561349
15,22,1,18,561373
15,22,1,19,561394
15,22,1,20,561413
15,22,1,21,561433
15,22,1,22,561448
15,22,1,23,561460
15,23,2,0,561468
15,23,2,1,561469
15,23,2,3,561470
15,23,2,4,561473
15,23,2,5,561475
15,23,2,6,561481
15,23,2,7,561491
15,23,2,8,561503
15,23,2,9,561513
15,23,2,10,561522
15,23,2,11,561534
15,23,2,12,561545
15,23,2,13,561555
15,23,2,14,561568
15,23,2,15,561583
15,23,2,16,561601
15,23,2,17,561636
15,23,2,18,561672
15,23,2,19,561704
15,23,2,20,561730
15,23,2,21,561759
15,23,2,22,561791
15,23,2,23,561806
15,24,3,0,561819
15,24,3,1,561823
15,24,3,3,561826
15,24,3,4,561830
15,24,3,5,561831
15,24,3,6,561834
15,24,3,7,561843
15,24,3,8,561859
15,24,3,9,561874
15,24,3,10,561883
15,24,3,11,561895
15,24,3,12,561912
15,24,3,13,561922
15,24,3,14,561934
15,24,3,15,561954
15,24,3,16,561983
15,24,3,17,562017
15,24,3,18,562049
15,24,3,19,562084
15,24,3,20,562111
15,24,3,21,562145
15,24,3,22,562184
15,24,3,23,562219
15,25,4,0,562232
15,25,4,1,562240
15,25,4,2,562243
15,25,4,4,562245
15,25,4,5,562248
15,25,4,6,562250
15,25,4,7,562263
15,25,4,8,562277
15,25,4,9,562285
15,25,4,10,562291
15,25,4,11,562298
15,25,4,12,562308
15,25,4,13,562321
15,25,4,14,562331
15,25,4,15,562342
15,25,4,16,562366
15,25,4,17,562390
15,25,4,18,562425
15,25,4,19,562453
15,25,4,20,562478
15,25,4,21,562501
15,25,4,22,562529
15,25,4,23,562558
15,26,5,0,562594
15,26,5,1,562600
15,26,5,2,562624
15,26,5,3,562639
15,26,5,4,562650
15,26,5,5,562654
15,26,5,6,562656
15,26,5,7,562662
15,26,5,8,562674
15,26,5,9,562682
15,26,5,10,562691
15,26,5,11,562700
15,26,5,12,562719
15,26,5,13,562733
15,26,5,14,562749
15,26,5,15,562772
15,26,5,16,562804
15,26,5,17,562835
15,26,5,18,562867
15,26,5,19,562901
15,26,5,20,562931
15,26,5,21,562952
15,26,5,22,562980
15,26,5,23,563013
15,27,6,0,563039
15,27,6,1,563068
15,27,6,2,563082
15,27,6,3,563091
15,27,6,4,563095
15,27,6,5,563098
15,27,6,6,563099
15,27,6,7,563101
15,27,6,8,563105
15,27,6,9,563112
15,27,6,10,563116
15,27,6,11,563125
15,27,6,12,563134
15,27,6,13,563142
15,27,6,14,563156
15,27,6,15,563168
15,27,6,16,563184
15,27,6,17,563203
15,27,6,18,563222
15,27,6,19,563232
15,27,6,20,563242
15,27,6,21,563251
15,27,6,22,563263
15,27,6,23,563274
15,28,0,0,563278
16,28,0,1,563279
16,28,0,2,563280
16,28,0,3,563282
16,28,0,4,563284
16,28,0,5,563286
16,28,0,6,563291
16,28,0,7,563302
16,28,0,8,563313
16,28,0,9,563325
16,28,0,10,563332
16,28,0,11,563337
16,28,0,12,563351
16,28,0,13,563362
16,28,0,14,563371
16,28,0,15,563384
16,28,0,16,563397
16,28,0,17,563417
16,28,0,18,563440
16,28,0,19,563454
16,28,0,20,563471
16,28,0,21,563490
16,28,0,22,563502
16,28,0,23,563515
16,29,1,0,563524
16,29,1,1,563530
16,29,1,3,563531
16,29,1,4,563535
16,29,1,5,563537
16,29,1,6,563540
16,29,1,7,563541
16,29,1,8,563554
16,29,1,9,563568
16,29,1,10,563576
16,29,1,11,563588
16,29,1,12,563599
16,29,1,13,563608
16,29,1,14,563624
16,29,1,15,563645
16,29,1,16,563680
16,29,1,17,563715
16,29,1,18,563759
16,29,1,19,563792
16,29,1,20,563819
16,29,1,21,563849
16,29,1,22,563885
16,29,1,23,563903
16,30,2,0,563910
16,30,2,1,563913
16,30,2,2,563914
16,30,2,3,563917
16,30,2,4,563918
16,30,2,5,563921
16,30,2,6,563931
16,30,2,7,563949
16,30,2,8,563972
16,30,2,9,563994
16,30,2,10,564009
16,30,2,11,564033
16,30,2,12,564054
16,30,2,13,564079
16,30,2,14,564109
16,30,2,15,564144
16,30,2,16,564187
16,30,2,17,564238
16,30,2,18,564286
16,30,2,19,564339
16,30,2,20,564392
16,30,2,21,564444
16,30,2,22,564482
16,30,2,23,564506
